"docname","from","to","pre","keyword","post","pattern"
"reddit_0005",54,54,"harcrow please e-mail added newsletter","format","auto 3594c43d8741f5e4d0e76f8f203f893e6eb982dd west_texas texas_hi hi_west","form*"
"reddit_0005",110,110,"harcrow_please please_e-mail e-mail_added added_newsletter newsletter_format","format_auto","auto_3594c43d8741f5e4d0e76f8f203f893e6eb982dd","form*"
"reddit_0089",25,25,"treated character references including letter","former","parole officer guaranteed income form","form*"
"reddit_0089",30,30,"former parole officer guaranteed income","form","va disability plus income years","form*"
"reddit_0089",88,88,"paid slow pay owe money","former","landlord utility company far spent","form*"
"reddit_0089",259,259,"treated_character character_references references_including including_letter letter_former","former_parole","parole_officer officer_guaranteed guaranteed_income income_form form_va","form*"
"reddit_0089",264,264,"former_parole parole_officer officer_guaranteed guaranteed_income income_form","form_va","va_disability disability_plus plus_income income_years years_almost","form*"
"reddit_0089",322,322,"paid_slow slow_pay pay_owe owe_money money_former","former_landlord","landlord_utility utility_company company_far far_spent spent_application","form*"
"reddit_0195",4,4,"great help thread","former","current vba reps must incredibly","form*"
"reddit_0195",44,44,"deployment get great_help help_thread thread_former","former_current","current_vba vba_reps reps_must must_incredibly incredibly_unlucky","form*"
"reddit_0216",9,9,"scenario except first appeal hlr","form","evidence already record easiest appeal","form*"
"reddit_0216",19,19,"appeal options appeal likely copy","form","explained letter crazy missed likely","form*"
"reddit_0216",41,41,"scenario_except except_first first_appeal appeal_hlr hlr_form","form_evidence","evidence_already already_record record_easiest easiest_appeal appeal_options","form*"
"reddit_0216",51,51,"appeal_options options_appeal appeal_likely likely_copy copy_form","form_explained","explained_letter letter_crazy crazy_missed missed_likely likely_multiple","form*"
"reddit_0248",78,78,"decides randomly chooses blatantly ignore","form","opinion word heavy unfortunate keeps","form*"
"reddit_0248",174,174,"decides_randomly randomly_chooses chooses_blatantly blatantly_ignore ignore_form","form_opinion","opinion_word word_heavy heavy_unfortunate unfortunate_keeps keeps_happening","form*"
"reddit_0517",76,76,"opiates appropriately decades retired depressed","former","profession become scared puppets manipulated","form*"
"reddit_0517",175,175,"opiates_appropriately appropriately_decades decades_retired retired_depressed depressed_former","former_profession","profession_become become_scared scared_puppets puppets_manipulated manipulated_government","form*"
"reddit_0588",1,1,"","format","auto c373736b3445a7d78375ccda625f294a77ac9037 format_auto auto_c373736b3445a7d78375ccda625f294a77ac9037","form*"
"reddit_0588",4,4,"format auto c373736b3445a7d78375ccda625f294a77ac9037","format_auto","auto_c373736b3445a7d78375ccda625f294a77ac9037","form*"
"reddit_0642",1,1,"","format","pjpg auto 1b43869ea06667cb98154f7f44e8b3f64dff4296 sign-up study","form*"
"reddit_0642",8,8,"auto 1b43869ea06667cb98154f7f44e8b3f64dff4296 sign-up study sign-up","form","study requires in-person visits free","form*"
"reddit_0642",24,24,"information visit website ut neurolab","format_pjpg","pjpg_auto auto_1b43869ea06667cb98154f7f44e8b3f64dff4296 1b43869ea06667cb98154f7f44e8b3f64dff4296_sign-up sign-up_study study_sign-up","form*"
"reddit_0642",31,31,"auto_1b43869ea06667cb98154f7f44e8b3f64dff4296 1b43869ea06667cb98154f7f44e8b3f64dff4296_sign-up sign-up_study study_sign-up sign-up_form","form_study","study_requires requires_in-person in-person_visits visits_free free_compensate","form*"
"reddit_0821",31,31,"figure figure fast put stock","format","sentences internet cause hell cares","form*"
"reddit_0821",73,73,"figure_figure figure_fast fast_put put_stock stock_format","format_sentences","sentences_internet internet_cause cause_hell hell_cares cares_unless","form*"
"reddit_0840",19,19,"felt discriminated community bunch together","formed","vets around others treated didn","form*"
"reddit_0840",49,49,"felt_discriminated discriminated_community community_bunch bunch_together together_formed","formed_vets","vets_around around_others others_treated treated_didn didn_belong","form*"
"reddit_0847",1,1,"","format","pjpg auto b13a771ed75352f1fcba8276a9c154b46cbcef56 study requires","form*"
"reddit_0847",19,19,"follow-up appointments sign-up study sign-up","form","information visit website ut neurolab","form*"
"reddit_0847",25,25,"information visit website ut neurolab","format_pjpg","pjpg_auto auto_b13a771ed75352f1fcba8276a9c154b46cbcef56 b13a771ed75352f1fcba8276a9c154b46cbcef56_study study_requires requires_in-person","form*"
"reddit_0847",43,43,"follow-up_appointments appointments_sign-up sign-up_study study_sign-up sign-up_form","form_information","information_visit visit_website website_ut ut_neurolab","form*"
"reddit_0850",126,126,"toll road near tyler tx","format","auto 5f3ac646e90d5e1b2b49ac1d0ae5d8970ba374dd brownsville tx single","form*"
"reddit_0850",188,188,"toll road near brownsville tx","format","auto 51c07618be3e405bc24e72b45e409d6305aa6cb7 houston tx greater","form*"
"reddit_0850",423,423,"map toll roads houston area","format","auto 8a0a8f0b0029f9433826e2862e15a798f783ea87 austin tx austin","form*"
"reddit_0850",574,574,"tolled toll roads austin area","format","auto 9d7355b7aab34dffebc518686258f9e2c955e30a dallas-fort worth dfw","form*"
"reddit_0850",756,756,"person toll roads dfw area","format","auto 99a78f8fe472e215ab1a6bffd8c169b469eb6fcd pretty tolled fares","form*"
"reddit_0850",919,919,"toll_road road_near near_tyler tyler_tx tx_format","format_auto","auto_5f3ac646e90d5e1b2b49ac1d0ae5d8970ba374dd 5f3ac646e90d5e1b2b49ac1d0ae5d8970ba374dd_brownsville brownsville_tx tx_single single_toll","form*"
"reddit_0850",981,981,"toll_road road_near near_brownsville brownsville_tx tx_format","format_auto","auto_51c07618be3e405bc24e72b45e409d6305aa6cb7 51c07618be3e405bc24e72b45e409d6305aa6cb7_houston houston_tx tx_greater greater_houston","form*"
"reddit_0850",1216,1216,"map_toll toll_roads roads_houston houston_area area_format","format_auto","auto_8a0a8f0b0029f9433826e2862e15a798f783ea87 8a0a8f0b0029f9433826e2862e15a798f783ea87_austin austin_tx tx_austin austin_mixed","form*"
"reddit_0850",1367,1367,"tolled_toll toll_roads roads_austin austin_area area_format","format_auto","auto_9d7355b7aab34dffebc518686258f9e2c955e30a 9d7355b7aab34dffebc518686258f9e2c955e30a_dallas-fort dallas-fort_worth worth_dfw dfw_worst","form*"
"reddit_0850",1549,1549,"person_toll toll_roads roads_dfw dfw_area area_format","format_auto","auto_99a78f8fe472e215ab1a6bffd8c169b469eb6fcd 99a78f8fe472e215ab1a6bffd8c169b469eb6fcd_pretty pretty_tolled tolled_fares fares_texas","form*"
"reddit_1085",33,33,"maximum flex scheduling weekend work","former","11b bachelors psychology took awhile","form*"
"reddit_1085",81,81,"maximum_flex flex_scheduling scheduling_weekend weekend_work work_former","former_11b","11b_bachelors bachelors_psychology psychology_took took_awhile awhile_get","form*"
"reddit_1133",6,6,"hello everyone sorry violates rules","form","facing hardship biggest friend group","form*"
"reddit_1133",15,15,"friend group live tx contact","former","flight members anyone willing meet","form*"
"reddit_1133",38,38,"hello_everyone everyone_sorry sorry_violates violates_rules rules_form","form_facing","facing_hardship hardship_biggest biggest_friend friend_group group_live","form*"
"reddit_1133",47,47,"friend_group group_live live_tx tx_contact contact_former","former_flight","flight_members members_anyone anyone_willing willing_meet meet_public","form*"
"reddit_1458",43,43,"many around fort_worth area capacity","format","pjpg auto 13f2d0f35bb1bb72da770bef7297fd547732262e lack_va va_mental","form*"
"reddit_1458",89,89,"many_around around_fort_worth fort_worth_area area_capacity capacity_format","format_pjpg","pjpg_auto auto_13f2d0f35bb1bb72da770bef7297fd547732262e","form*"
"reddit_1464",32,32,"file appeals filed drug abuse","form","fashion bc back injury started","form*"
"reddit_1464",108,108,"file_appeals appeals_filed filed_drug drug_abuse abuse_form","form_fashion","fashion_bc bc_back back_injury injury_started started_abusing","form*"
"reddit_1497",5,5,"seen deductible gauge fill","format","pjpg auto 8653accddb64d28b2c6bc808d835f6280fe85d68 seen_deductible deductible_gauge","form*"
"reddit_1497",13,13,"8653accddb64d28b2c6bc808d835f6280fe85d68 seen_deductible deductible_gauge gauge_fill fill_format","format_pjpg","pjpg_auto auto_8653accddb64d28b2c6bc808d835f6280fe85d68","form*"
"reddit_1632",10,10,"state texas passed laws without","form","context virtually impossible determine talking","form*"
"reddit_1632",37,37,"state_texas texas_passed passed_laws laws_without without_form","form_context","context_virtually virtually_impossible impossible_determine determine_talking talking_asked","form*"
"reddit_1710",46,46,"ears course bubbled every question","form","form answer records concerned use","form*"
"reddit_1710",47,47,"course bubbled every question form","form","answer records concerned use deny","form*"
"reddit_1710",100,100,"ears_course course_bubbled bubbled_every every_question question_form","form_form","form_answer answer_records records_concerned concerned_use use_deny","form*"
"reddit_1710",101,101,"course_bubbled bubbled_every every_question question_form form_form","form_answer","answer_records records_concerned concerned_use use_deny deny_wanted","form*"
"reddit_1713",27,27,"frequencies write personal statement va","form","explain mos easier understanding talking","form*"
"reddit_1713",42,42,"supply volunteered go security company","formed","ended gunner convoy operations use_equipment","form*"
"reddit_1713",73,73,"frequencies_write write_personal personal_statement statement_va va_form","form_explain","explain_mos mos_easier easier_understanding understanding_talking talking_hlr","form*"
"reddit_1713",88,88,"supply_volunteered volunteered_go go_security security_company company_formed","formed_ended","ended_gunner gunner_convoy convoy_operations","form*"
"reddit_1714",74,74,"rehab question caseworker hospital gave","form","fill required va titled application","form*"
"reddit_1714",85,85,"extended care services vaf 10-10ec","form","fill current finances va determine","form*"
"reddit_1714",121,121,"find know keep mind filling","form","far finances another note call","form*"
"reddit_1714",268,268,"rehab_question question_caseworker caseworker_hospital hospital_gave gave_form","form_fill","fill_required required_va va_titled titled_application application_extended","form*"
"reddit_1714",279,279,"extended_care care_services services_vaf vaf_10-10ec 10-10ec_form","form_fill","fill_current current_finances finances_va va_determine determine_pay","form*"
"reddit_1714",315,315,"find_know know_keep keep_mind mind_filling filling_form","form_far","far_finances finances_another another_note note_call call_local","form*"
"reddit_1717",31,31,"easy social worker help get","form","complete enough forms complete already","form*"
"reddit_1717",34,34,"help get form complete enough","forms","complete already know va medical","form*"
"reddit_1717",83,83,"easy_social social_worker worker_help help_get get_form","form_complete","complete_enough enough_forms forms_complete complete_already already_know","form*"
"reddit_1717",86,86,"help_get get_form form_complete complete_enough enough_forms","forms_complete","complete_already already_know know_va va_medical medical_center","form*"
"reddit_1729",3,3,"know reddit","formatted","email sent paragraphs ease reading","form*"
"reddit_1729",45,45,"bs wording luck know_reddit reddit_formatted","formatted_email","email_sent sent_paragraphs paragraphs_ease ease_reading reading_hasn","form*"
"reddit_1790",4,4,"found specifically section","format","pjpg auto a4d889c851386425d20d2136637e3cac38bd01a2 found_specifically specifically_section","form*"
"reddit_1790",11,11,"auto a4d889c851386425d20d2136637e3cac38bd01a2 found_specifically specifically_section section_format","format_pjpg","pjpg_auto auto_a4d889c851386425d20d2136637e3cac38bd01a2","form*"
"reddit_1878",63,63,"depressive disorder panic disorder thinking","form","ibs related knows hoping related","form*"
"reddit_1878",155,155,"depressive_disorder disorder_panic panic_disorder disorder_thinking thinking_form","form_ibs","ibs_related related_knows knows_hoping hoping_related related_burn","form*"
"reddit_2019",1,1,"","format","pjpg auto 3609639179c0e5f616c9ae9a1d2a2196ebe62b04 long work","form*"
"reddit_2019",18,18,"home cars lost everything go","format_pjpg","pjpg_auto auto_3609639179c0e5f616c9ae9a1d2a2196ebe62b04 3609639179c0e5f616c9ae9a1d2a2196ebe62b04_long long_work work_accomidations","form*"
"reddit_2024",1,1,"","format","pjpg auto c3a6092fea3ab8640a70372eb2c2449776f3e8bf format_pjpg pjpg_auto","form*"
"reddit_2024",5,5,"format pjpg auto c3a6092fea3ab8640a70372eb2c2449776f3e8bf","format_pjpg","pjpg_auto auto_c3a6092fea3ab8640a70372eb2c2449776f3e8bf","form*"
"reddit_2029",1,1,"","format","pjpg auto 0b82e6f98bf53f33e94b97f41977d4445892f753 format_pjpg pjpg_auto","form*"
"reddit_2029",5,5,"format pjpg auto 0b82e6f98bf53f33e94b97f41977d4445892f753","format_pjpg","pjpg_auto auto_0b82e6f98bf53f33e94b97f41977d4445892f753","form*"
"reddit_2030",1,1,"","format","pjpg auto d7ebafc6a8ec99fabcfba5728ab8b6c451f4c499 format_pjpg pjpg_auto","form*"
"reddit_2030",5,5,"format pjpg auto d7ebafc6a8ec99fabcfba5728ab8b6c451f4c499","format_pjpg","pjpg_auto auto_d7ebafc6a8ec99fabcfba5728ab8b6c451f4c499","form*"
"reddit_2075",1,1,"","format","auto 97e0fcd6a64f96053cf52d45155e67193c147d65 format_auto auto_97e0fcd6a64f96053cf52d45155e67193c147d65","form*"
"reddit_2075",4,4,"format auto 97e0fcd6a64f96053cf52d45155e67193c147d65","format_auto","auto_97e0fcd6a64f96053cf52d45155e67193c147d65","form*"
"reddit_2099",16,16,"hide monthly payment give simple","form","pretty basic basic information address","form*"
"reddit_2099",69,69,"hide_monthly monthly_payment payment_give give_simple simple_form","form_pretty","pretty_basic basic_basic basic_information information_address address_id","form*"
"reddit_2113",22,22,"regular insurance medicare negotiated amount","format","pjpg auto 080c07d7df82ca7337b06a2bf989c289e14e2ff0 tell_pay pay_mh","form*"
"reddit_2113",47,47,"regular_insurance insurance_medicare medicare_negotiated negotiated_amount amount_format","format_pjpg","pjpg_auto auto_080c07d7df82ca7337b06a2bf989c289e14e2ff0","form*"
"reddit_2122",126,126,"toll road near tyler tx","format","auto 5f3ac646e90d5e1b2b49ac1d0ae5d8970ba374dd brownsville tx single","form*"
"reddit_2122",188,188,"toll road near brownsville tx","format","auto 51c07618be3e405bc24e72b45e409d6305aa6cb7 houston tx greater","form*"
"reddit_2122",423,423,"map toll roads houston area","format","auto 8a0a8f0b0029f9433826e2862e15a798f783ea87 austin tx austin","form*"
"reddit_2122",574,574,"tolled toll roads austin area","format","auto 1a7d55d944aee70ea92599e7183ea4e121aacbb4 dallas-fort worth dfw","form*"
"reddit_2122",756,756,"person toll roads dfw area","format","auto 99a78f8fe472e215ab1a6bffd8c169b469eb6fcd pretty tolled fares","form*"
"reddit_2122",919,919,"toll_road road_near near_tyler tyler_tx tx_format","format_auto","auto_5f3ac646e90d5e1b2b49ac1d0ae5d8970ba374dd 5f3ac646e90d5e1b2b49ac1d0ae5d8970ba374dd_brownsville brownsville_tx tx_single single_toll","form*"
"reddit_2122",981,981,"toll_road road_near near_brownsville brownsville_tx tx_format","format_auto","auto_51c07618be3e405bc24e72b45e409d6305aa6cb7 51c07618be3e405bc24e72b45e409d6305aa6cb7_houston houston_tx tx_greater greater_houston","form*"
"reddit_2122",1216,1216,"map_toll toll_roads roads_houston houston_area area_format","format_auto","auto_8a0a8f0b0029f9433826e2862e15a798f783ea87 8a0a8f0b0029f9433826e2862e15a798f783ea87_austin austin_tx tx_austin austin_mixed","form*"
"reddit_2122",1367,1367,"tolled_toll toll_roads roads_austin austin_area area_format","format_auto","auto_1a7d55d944aee70ea92599e7183ea4e121aacbb4 1a7d55d944aee70ea92599e7183ea4e121aacbb4_dallas-fort dallas-fort_worth worth_dfw dfw_worst","form*"
"reddit_2122",1549,1549,"person_toll toll_roads roads_dfw dfw_area area_format","format_auto","auto_99a78f8fe472e215ab1a6bffd8c169b469eb6fcd 99a78f8fe472e215ab1a6bffd8c169b469eb6fcd_pretty pretty_tolled tolled_fares fares_texas","form*"
"reddit_2222",9,9,"wear masks hoses use kind","format","auto e429c982c545f5b2683f152d9c7fcffbff616868 extra_phillips phillips_dream dream_wear","form*"
"reddit_2222",20,20,"wear_masks masks_hoses hoses_use use_kind kind_format","format_auto","auto_e429c982c545f5b2683f152d9c7fcffbff616868","form*"
"reddit_2253",22,22,"stressors deployment ptsd probable ptsd","formally","evaluated interested cutting edge research","form*"
"reddit_2253",47,47,"compensation provided sign-up study sign-up","form","study requires in-person visits free","form*"
"reddit_2253",84,84,"stressors_deployment deployment_ptsd ptsd_probable probable_ptsd ptsd_formally","formally_evaluated","evaluated_interested interested_cutting cutting_edge edge_research research_help","form*"
"reddit_2253",109,109,"compensation_provided provided_sign-up sign-up_study study_sign-up sign-up_form","form_study","study_requires requires_in-person in-person_visits visits_free free_compensate","form*"
"reddit_2260",2,2,"back","former","ww2 submariner gave tours boat","form*"
"reddit_2260",29,29,"teacher talking sex ed back_former","former_ww2","ww2_submariner submariner_gave gave_tours tours_boat boat_philadelphia","form*"
"reddit_2313",173,173,"amos gill mic drop comedy","formerly","plano house comedy plano nov","form*"
"reddit_2313",1472,1472,"amos_gill gill_mic mic_drop drop_comedy comedy_formerly","formerly_plano","plano_house house_comedy comedy_plano plano_nov nov_15-17","form*"
"reddit_2471",20,20,"doesn observance special quite symbolic","forms","patriotism wish wasn viewed partisan","form*"
"reddit_2471",53,53,"doesn_observance observance_special special_quite quite_symbolic symbolic_forms","forms_patriotism","patriotism_wish wish_wasn wasn_viewed viewed_partisan partisan_though","form*"
"reddit_2701",14,14,"find appreciate given giant rock","formations","doesn mean find lots live","form*"
"reddit_2701",37,37,"find_appreciate appreciate_given given_giant giant_rock rock_formations","formations_doesn","doesn_mean mean_find find_lots lots_live live_nature","form*"
"reddit_2881",135,135,"proceedings disorder mere offense officials","former","justifies removal decorum rules decorum","form*"
"reddit_2881",176,176,"guts protection turns statutory empty","formality","speaker neither violated no-clapping rule","form*"
"reddit_2881",335,335,"proceedings_disorder disorder_mere mere_offense offense_officials officials_former","former_justifies","justifies_removal removal_decorum decorum_rules rules_decorum decorum_rationale","form*"
"reddit_2881",376,376,"guts_protection protection_turns turns_statutory statutory_empty empty_formality","formality_speaker","speaker_neither neither_violated violated_no-clapping no-clapping_rule rule_actually","form*"
"reddit_2901",135,135,"proceedings disorder mere offense officials","former","justifies removal decorum rules decorum","form*"
"reddit_2901",176,176,"guts protection turns statutory empty","formality","speaker neither violated no-clapping rule","form*"
"reddit_2901",335,335,"proceedings_disorder disorder_mere mere_offense offense_officials officials_former","former_justifies","justifies_removal removal_decorum decorum_rules rules_decorum decorum_rationale","form*"
"reddit_2901",376,376,"guts_protection protection_turns turns_statutory statutory_empty empty_formality","formality_speaker","speaker_neither neither_violated violated_no-clapping no-clapping_rule rule_actually","form*"
"reddit_3034",357,357,"stockyards fort_worth octavio medellín spirit","form","museum art jan rare earth","form*"
"reddit_3034",1616,1616,"stockyards_fort_worth fort_worth_octavio octavio_medellín medellín_spirit spirit_form","form_museum","museum_art art_jan jan_rare rare_earth earth_art","form*"
"reddit_3055",32,32,"treated character references including letter","former","parole officer guaranteed income form","form*"
"reddit_3055",37,37,"former parole officer guaranteed income","form","va disability plus income years","form*"
"reddit_3055",271,271,"treated_character character_references references_including including_letter letter_former","former_parole","parole_officer officer_guaranteed guaranteed_income income_form form_va","form*"
"reddit_3055",276,276,"former_parole parole_officer officer_guaranteed guaranteed_income income_form","form_va","va_disability disability_plus plus_income income_years years_almost","form*"
"reddit_3151",8,8,"born raised texas #x200b looking","form","diversity population food culture place","form*"
"reddit_3151",49,49,"exodus coming texas opinion fact","forms","business fully sustainable #x200b wanting","form*"
"reddit_3151",70,70,"born_raised raised_texas texas_#x200b #x200b_looking looking_form","form_diversity","diversity_population population_food food_culture culture_place place_go","form*"
"reddit_3151",111,111,"exodus_coming coming_texas texas_opinion opinion_fact fact_forms","forms_business","business_fully fully_sustainable sustainable_#x200b #x200b_wanting wanting_escape","form*"
"reddit_3301",35,35,"days ewcm stated filled dd","form","1351-2 official truthful statement stop","form*"
"reddit_3301",83,83,"days_ewcm ewcm_stated stated_filled filled_dd dd_form","form_1351-2","1351-2_official official_truthful truthful_statement statement_stop stop_lv","form*"
