document_id,source,event_score,excerpt
reddit_2499,Dallas,277,"DFW Events for 6/16/2025 to 6/19/2025 I'll add more items soon but I wanted to supplement our excellent [weekly list](https://www.reddit.com/r/Dallas/comments/1la11fw/things_happening_in_dfw_this_weekend_june_13th/) curated by gaston-legume. This includes concerts for now including a preview of events happening this weekend. ## Cultural Events | Date | Event | Venue | City | Start Time | Description | | :--- | :--- | :--- | :--- | :--- | :--- | | 06/16 | [Global Perspectives of Freedom: Juneteenth Introduction to International Students](https://juneteenth.utdallas.edu/) | UTD: Virtual Event | Richardson | 2:00 PM | A virtual discussion on global perspectives of freedom, exploring the history and context of Juneteenth for international students. | | 06/17 | [Dallas International Violin Competition Finals](https://www.dallasculture.org/moody-performance-hall/upcoming-events/) | Moody Performance Hall | Dallas | 7:00 PM | Three world-class violinists perform solo concertos with the Dallas Chamber Symphony in the final round of this prestigious competition. | | 06/19 | [Freedom Vibes Speaker Series: Ambassador Andrew Young](https://www.freedomvibes2025.com/) | I.M. Terrell High School | Fort Worth | 3:00 PM | Civil rights leader Ambassador Andrew Young headlines the """"Uniting Voices"""" speaker series as part of the Freedom Vibes festival. | | 06/19 | [Freedom Vibes Concert: Orchestra Noir](https://www.orchestranoir.com/concerts) | Bass Performance Hall | Fort Worth | 7:30 PM | A g"
reddit_2506,Dallas,308,"Things happening this week in DFW - 6/30 Thanks again to gaston-legume for this awesome list this past weekend! Here is a list of events scheduled for DFW this week starting Monday 6/30. Included are scheduled events for independence day. ## Independence Day Events | Date | Event | Venue | City | Start Time | Description | |:---|:---|:---|:---|:---|:---| | 07/03 | Addison Kaboom Town | Addison Circle | Addison | 5:00 PM | One of the nations most impressive and unique Independence Day celebrations | | 07/03 | Sparks &amp; Stripes | Levy Event Plaza | Irving | 2:00 PM | Fireworks display, drone show, games, and live music  including a special performance by Coffey Anderson | | 07/03 | Southlake Stars and Stripes | Southlake Town Square | Southlake | 5:00 PM | Annual Independence Day celebration and fireworks show. | | 07/03 | Midlothian Independence Day Fireworks | Midlothian Multi Purpose Stadium | Midlothian | 9:15 PM | The show is staged in the field near the MISD Multi-Purpose stadium and can be viewed from the stadium parking lot and surrounding vicinity. | | 07/03 | Long Stars and Stripes | Lone Star Park | Grand Prairie | 5:00 PM | 20 minute firework show after the horse races | | 07/04 | July 4th Fireworks Extravaganza | Lake Grapevine | Grapevine | 9:30 PM | Fireworks over Lake Grapevine set to patriotic music | | 07/04 | Sparks in the Park | Veterans Memorial Park | Lancaster | 9:30 PM | Live music, children's activities, games for all ages, food vendors and firewor"
reddit_2524,Dallas,421,"DFW Events Calendar - Week of 8/5/2025 - 8/10/2025 Hi all, Here is another list of event. I created a little site for this list with more details. I'm still working out the bugs but I hope it is an easy reference for things happening in DFW: [https://dfw.msondo.com/](https://dfw.msondo.com/) If you would like to receive an email with a list of events happening in DFW, please [click here](https://218dc6fe666511f09acdfb999b1032ae.eo.page/hkg4m). ##Concerts | Date | Event | Venue | City | Start Time | Description | |:---|:---|:---|:---|:---|:---| | 08/04 | Koe Wetzel and Friends | The Pavilion at Toyota Music Factory | Irving | 6:30 PM | Country rock and grunge concert. The headliner is from Pittsburg, Texas. | | 08/04 | Glixen | Club Dada | Dallas | 7:00 PM | A night of dreamy shoegaze and alternative rock. | | 08/04 | Monday Magic: Gabby &amp; The Byrds / 2nd II None | The Free Man | Dallas | 7:00 PM | High-energy live music night with two alternating bands on the Bourbon Stage to kick off the week. | | 08/04 | Monday Magic: Ox &amp; The Waymakers | The Free Man | Dallas | 7:00 PM | A featured set of hip-hop and soul music, adding to a diverse night of live performances. | | 08/04 | NO LIMITS Karaoke &amp; Open Mic Night! | The Revel Patio Grill | Frisco | 7:00 PM | Open mic and karaoke night for anyone to showcase their vocal talents. A recurring free event. | | 08/04 | The Entertainer's Showcase hosted by Liz Mikel | The Free Man | Dallas | 10:00 PM | Deep Ellum's premiere o"
reddit_2538,Dallas,402,"DFW Events - Week of 9/9 to 9/14 Hi r/Dallas, Here is another list of events for this week. I created a little site for this list with more details and events further out in time. I'm still working out the bugs and will revamp the site soon! In the meantime, I hope it is an easy reference for things happening in DFW: [https://dfw.msondo.com/](https://dfw.msondo.com/). If you would like to receive an email with a list of events happening in DFW, please [click here](https://218dc6fe666511f09acdfb999b1032ae.eo.page/hkg4m). Please also reach out here via a comment or via a DM if you have an event you would like to list here. ## Concerts | Date | Event | Venue | City | Start Time | Description | | :--- | :--- | :--- | :--- | :--- | :--- | | 09/08 | TWRP | Deep Ellum Art Co | Dallas | 8:00 PM | Energetic Canadian funk-rock band performance. | | 09/08 | LE SSERAFIM | Texas Trust CU Theatre | Grand Prairie | 7:30 PM | South Korean K-pop girl group on their world tour. | | 09/08 | Lisa Smith | Second Rodeo Brewing | Fort Worth | 12:00 PM | Free afternoon of country and Texas blues music. | | 09/08 | Pennsylvania Slim | Second Rodeo Brewing | Fort Worth | 4:00 PM | Free evening of Texas blues and outlaw country music. | | 09/08 | Hedras | The Balcony Club | Dallas | 8:00 PM | Instrumental metal from a Guatemalan guitarist and composer. | | 09/08 | Jared Pool | Second Rodeo Brewing | Fort Worth | 8:00 PM | Free late-night Western swing and traditional country performance. | | 09/08 | Ma"
reddit_2550,Dallas,389,"DFW Events - 9/15/2025 to 9/21/2025 Hi r/Dallas, Here is another list of events for this week. These events are hosted at the following site with more upcoming events listed for your reference: [https://dfw.msondo.com/](https://dfw.msondo.com/). If you would like to receive an email with a list of events happening in DFW, please [click here](https://218dc6fe666511f09acdfb999b1032ae.eo.page/hkg4m). Please also reach out here via a comment or via a DM if you have an event you would like to list here. ## Concerts American Airlines Center hosts K-pop group TOMORROW X TOGETHER (Sep. 16) and pop star Tate McRae (Sep. 18). Dos Equis Pavilion welcomes hip-hop legend Lil Wayne on September 17. Dickies Arena in Fort Worth has a packed schedule, starting with the Disney Descendants/Zombies tour (Sep. 16), followed by James Taylor (Sep. 17), Laufey (Sep. 18), country star Lainey Wilson (Sep. 19), and pop sensation Benson Boone (Sep. 20). In Deep Ellum, Trees features the Brazilian death metal of Crypta (Sep. 17) and post-hardcore band Emery (Sep. 19), while It'll Do Club hosts electronic nights with HÖR On Tour (Sep. 19) and Ewan McVicar (Sep. 20). Nearby, The Kessler features Bob Schneider (Sep. 19). Toyota Music Factory hosts Latin trap star Eladio Carrión (Sep. 18) and Mexican rock band Molotov (Sep. 19). Oklahoma casinos feature pop-rockers HANSON (Sep. 19) and Turnpike Troubadours (Sep. 20) in Durant, while Hank Williams Jr. plays Thackerville (Sep. 20). | Date | Event | Venue | Cit"
reddit_2557,Dallas,416,"DFW Events - 9/29 to 10/5 Hi r/Dallas, Here is another list of events for this week. The State Fair of Texas continues through this week. These events are hosted at the following site with more upcoming events listed for your reference: [https://dfw.msondo.com/](https://dfw.msondo.com/). If you would like to receive an email with a list of events happening in DFW, please [click here](https://218dc6fe666511f09acdfb999b1032ae.eo.page/hkg4m). Please also reach out here via a comment or via a DM if you have an event you would like to list here. ##Concerts | Date | Event | Venue | City | Start Time | Description | |:---|:---|:---|:---|:---|:---| | 09/30 | Cuco | The Bomb Factory | Dallas | 8:00 PM | A performance of psychedelic pop and indie music. | | 09/30 | Dua Lipa: Radical Optimism Tour | American Airlines Center | Dallas | 7:30 PM | A high-energy pop performance featuring a globally recognized artist. | | 09/30 | Jade Million, Kiya Lacey and Barely Trev | Three Links | Dallas | 7:00 PM | A diverse night of pop, R&amp;B, and alternative sounds. | | 09/30 | Arcy Drive | Deep Ellum Art Co | Dallas | 7:00 PM | An evening of """"attic rock"""" with this indie band from New York. | | 09/30 | Dying Fetus | Tulips | Fort Worth | 8:00 PM | An evening of heavy metal music. | | 10/01 | Daisy the Great | Club Dada | Dallas | 8:00 PM | Enjoy a night of indie pop with this Brooklyn-based duo. | | 10/01 | Dua Lipa: Radical Optimism Tour | American Airlines Center | Dallas | 7:30 PM | A high-en"
reddit_2567,Dallas,448,"DFW Events - 10/20/2025 to 10/26/2025 Hi r/Dallas, Here is another list of events for this week. These events are hosted at the following site with more upcoming events listed for your reference: [https://dfw.msondo.com/](https://dfw.msondo.com/). If you would like to receive an email with a list of events happening in DFW, please [click here](https://218dc6fe666511f09acdfb999b1032ae.eo.page/hkg4m). Please also reach out here via a comment or via a DM if you have an event you would like to list here. ##Concerts | Date | Event | Venue | City | Start Time | Description | |:---|:---|:---|:---|:---|:---| | 10/20 | Live Music Monday with Dalene Richelle | The Library | Dallas | 6:00 PM | Solo vocals and piano with a velvet lounge sound. | | 10/20 | Petunia &amp; The Vipers + Dime Store Hoods | Three Links | Dallas | 7:00 PM | Live music featuring rockabilly and country blues from Canada. | | 10/20 | Oddisee | Texas Tea Room | Dallas | 7:00 PM | A night of hip-hop and rap music. | | 10/20 | Red beans and rice Mondays! | Revelers Hall | Dallas | 7:00 PM | A weekly jazz jam session with free red beans/rice. | | 10/20 | Magic Mondays | The Free Man | Dallas | 7:00 PM | Live music on two stages; premier entertainers showcase. | | 10/20 | Monday Night Blues Jam | The Goat | Dallas | 7:00 PM | A weekly blues jam session open to all musicians. | | 10/20 | TWENTY ONE PILOTS - THE CLANCY TOUR: BREACH 2025 | Dos Equis Pavilion | Dallas | 8:00 PM | An alternative rock concert with dynamic per"
reddit_2573,Dallas,530,"DFW Events for 11/4/25 to 11/9/25 Hi r/Dallas, Here is another list of events for this week. These events are hosted at the following site with more upcoming events listed for your reference: [https://dfw.msondo.com/](https://dfw.msondo.com/). If you would like to receive an email with a list of events happening in DFW, please [click here](https://218dc6fe666511f09acdfb999b1032ae.eo.page/hkg4m). Please also reach out here via a comment or via a DM if you have an event you would like to list here. ## Concerts | Date | Event | Venue | City | Start Time | Description | | :--- | :--- | :--- | :--- | :--- | :--- | | 11/04 | Mary Hinton | Second Rodeo Brewing | Fort Worth | 12:00 PM | Live performance of country and Texas blues music. | | 11/04 | David Cacy | Second Rodeo Brewing | Fort Worth | 4:00 PM | Enjoy an evening of live country and outlaw country music. | | 11/04 | Mammoth - The End Tour | House of Blues | Dallas | 6:00 PM | Rock performance by band fronted by Wolfgang Van Halen. | | 11/04 | Jeff Robbins | The Library | Dallas | 7:00 PM | Evening of live piano music with a wide variety of genres. | | 11/04 | Tuesday Night Live Music | The Free Man | Dallas | 7:00 PM | Live performance of pop and soul music on the Bourbon Stage. | | 11/04 | Aakash Sridhar | Bath House Cultural Center | Dallas | 7:30 PM | Enjoy a live performance from the Lakefront Live! Concert Series. | | 11/04 | Black Violin: Full Circle Tour | Bass Performance Hall | Fort Worth | 7:30 PM | Grammy-nominat"
reddit_2868,Dallas,261,"DFW Events - 12/16/2025 - 12/21/2025 Hi r/Dallas, Here is another list of events for this week. Tons of holiday events happening all over DFW! These events are hosted at the following site with more upcoming events listed for your reference: [https://dfw.msondo.com/](https://dfw.msondo.com/). If you would like to receive an email with a list of events happening in DFW, please [click here](https://218dc6fe666511f09acdfb999b1032ae.eo.page/hkg4m). Please also reach out here via a comment if you have an event you would like to list here. ##Concerts | Date | Event | Venue | City | Start Time | Description | | :--- | :--- | :--- | :--- | :--- | :--- | | 12/16 | Tuesday Night Live Music | The Free Man | Dallas | 7:00 PM | Dallas singer-songwriter performs on Bourbon Stage. | | 12/16 | Deep Ellum Punk Night | Three Links | Dallas | 7:00 PM | Local punk acts bring high-energy performances. | | 12/16 | Will Call Comedy: Open Mic Tuesdays | Will Call Bar | Dallas | 8:00 PM | Local comedians bring laughs to weekly showcase. | | 12/16 | Live Music: Jeff Robbins | The Library | Dallas | 7:00 PM | Global pianist performs eclectic range. | | 12/16 | Blues Dancing with The Terraplane Rounders | Revelers Hall | Dallas | 7:30 PM | Dallas blues band plays foot-stomping dance party. | | 12/16 | Blues Jam hosted by Junior Clark &amp; Nick Snyder | The Balcony Club | Dallas | 8:00 PM | Local guitarists host weekly blues jam sessions. | | 12/16 | Aaron Burton's Delta Blues | The Goat | Dallas | 9:00"
reddit_2951,Dallas,287,"DFW Events - 12/29/2025 - 01/04/2026 Happy New Year r/Dallas, Here is another list of events for this week. More holiday-themed events happening all over DFW! These events are hosted at the following site with more upcoming events listed for your reference: [https://dfw.msondo.com/](https://dfw.msondo.com/). If you would like to receive an email with a list of events happening in DFW, please [click here](https://218dc6fe666511f09acdfb999b1032ae.eo.page/hkg4m). Please also reach out here via a comment if you have an event you would like to list here. ##Concerts | Date | Event | Venue | City | Start Time | Description | | :--- | :--- | :--- | :--- | :--- | :--- | | 12/29 | Magic Mondays: Premier Entertainers Showcase | The Free Man | Dallas | 10:00 PM | Dallas legend Liz Mikel opens the week with soulful sounds. | | 12/29 | Mannheim Steamroller Christmas | Winspear Opera House | Dallas | 7:30 PM | Multimillion-dollar holiday show features 15-piece ensemble on 20+ instruments. | | 12/29 | Dalene Richelle Live | The Library | Dallas | 6:00 PM | Nashville pianist plays 70s-80s &amp; modern hits. | | 12/29 | Sub Focus | SILO | Dallas | 9:00 PM | UK-based Sub Focus plays high-energy electronic dance music. | | 12/29 | Manic Monday Jazz + SIN: Ben Bohorquez Trio | The Balcony Club | Dallas | 8:00 PM | Dallas/Denton, TX trio plays live jazz for SIN. | | 12/29 | The Elton Johns - Elton John Tribute | Granada Theater | Dallas | 8:00 PM | Dallas-based group pays tribute to legendary sing"
