"doc_id","source","year","esfi_hits","esfi_present","removal_reason"
"reddit_0014","Veteran",2023,0,FALSE,"AutoModerator or bot author"
"reddit_0026","Veteran",2023,0,FALSE,"AutoModerator or bot author"
"reddit_0047","Veteran",2023,0,FALSE,"AutoModerator or bot author"
"reddit_0068","Veteran",2023,0,FALSE,"AutoModerator or bot author"
"reddit_0074","Veteran",2023,0,FALSE,"AutoModerator or bot author"
"reddit_0085","Veteran",2023,0,FALSE,"AutoModerator or bot author"
"reddit_0086","Veteran",2023,0,FALSE,"AutoModerator or bot author"
"reddit_0087","Veteran",2023,0,FALSE,"AutoModerator or bot author"
"reddit_0099","Veteran",2023,0,FALSE,"AutoModerator or bot author"
"reddit_0117","Veteran",2023,0,FALSE,"AutoModerator or bot author"
"reddit_0126","Veteran",2023,0,FALSE,"AutoModerator or bot author"
"reddit_0137","Veteran",2023,0,FALSE,"AutoModerator or bot author"
"reddit_0147","Veteran",2023,0,FALSE,"AutoModerator or bot author"
"reddit_0158","Veteran",2023,0,FALSE,"AutoModerator or bot author"
"reddit_0249","Veteran",2023,0,FALSE,"AutoModerator or bot author"
"reddit_0289","Veteran",2023,0,FALSE,"AutoModerator or bot author"
"reddit_0290","Veteran",2023,0,FALSE,"AutoModerator or bot author"
"reddit_0308","Veteran",2023,0,FALSE,"AutoModerator or bot author"
"reddit_0310","Veteran",2023,0,FALSE,"AutoModerator or bot author"
"reddit_0312","Veteran",2023,0,FALSE,"AutoModerator or bot author"
"reddit_0321","Veteran",2023,0,FALSE,"AutoModerator or bot author"
"reddit_0343","Veteran",2023,0,FALSE,"AutoModerator or bot author"
"reddit_0346","Veteran",2023,0,FALSE,"AutoModerator or bot author"
"reddit_0350","Veteran",2023,0,FALSE,"AutoModerator or bot author"
"reddit_0423","Veteran",2024,0,FALSE,"AutoModerator or bot author"
"reddit_0537","Veteran",2024,0,FALSE,"AutoModerator or bot author"
"reddit_0578","Veteran",2024,0,FALSE,"AutoModerator or bot author"
"reddit_0586","Veteran",2025,0,FALSE,"AutoModerator or bot author"
"reddit_0851","Veteran",2025,0,FALSE,"AutoModerator or bot author"
"reddit_0856","Veteran",2025,0,FALSE,"AutoModerator or bot author"
"reddit_0869","Veteran",2025,0,FALSE,"AutoModerator or bot author"
"reddit_0894","Veteran",2020,0,FALSE,"AutoModerator or bot author"
"reddit_0941","Veteran",2020,0,FALSE,"AutoModerator or bot author"
"reddit_1017","Veteran",2020,0,FALSE,"AutoModerator or bot author"
"reddit_1163","Veteran",2022,0,FALSE,"AutoModerator or bot author"
"reddit_1228","Veteran",2022,0,FALSE,"AutoModerator or bot author"
"reddit_1334","Veteran",2022,0,FALSE,"AutoModerator or bot author"
"reddit_1518","Veteran",2023,0,FALSE,"AutoModerator or bot author"
"reddit_1521","Veteran",2023,0,FALSE,"AutoModerator or bot author"
"reddit_3002","Dallas",2021,0,FALSE,"AutoModerator or bot author"
"reddit_3291","Finance",2025,0,FALSE,"AutoModerator or bot author"
"reddit_1863","Veteran",2024,0,FALSE,"Comment-removal notice"
"reddit_1865","Veteran",2024,0,FALSE,"Comment-removal notice"
"reddit_1890","Veteran",2024,0,FALSE,"Comment-removal notice"
"reddit_1959","Veteran",2024,0,FALSE,"Comment-removal notice"
"reddit_1964","Veteran",2024,0,FALSE,"Comment-removal notice"
"reddit_1965","Veteran",2024,0,FALSE,"Comment-removal notice"
"reddit_1966","Veteran",2024,0,FALSE,"Comment-removal notice"
"reddit_1969","Veteran",2024,0,FALSE,"Comment-removal notice"
"reddit_1971","Veteran",2024,0,FALSE,"Comment-removal notice"
"reddit_1973","Veteran",2024,0,FALSE,"Comment-removal notice"
"reddit_1977","Veteran",2024,0,FALSE,"Comment-removal notice"
"reddit_1984","Veteran",2024,0,FALSE,"Comment-removal notice"
"reddit_1987","Veteran",2024,0,FALSE,"Comment-removal notice"
"reddit_1989","Veteran",2024,0,FALSE,"Comment-removal notice"
"reddit_1580","Veteran",2023,0,FALSE,"Empty after STM vocabulary trimming"
"reddit_2330","Dallas",2024,0,FALSE,"Empty after STM vocabulary trimming"
"reddit_2564","Dallas",2025,0,FALSE,"Post/submission-removal notice"
